Title,Text,URL
GS25 편의점 뭘좋아할지몰라다넣어봤어 도시락 후기,"GS25 편의점 뭘좋아할지몰라다넣어봤어 도시락 후기HOGANJY's PRODUCT LOVE(그래 맞아 도시락은 원래 이렇게 푸짐한 맛이 있어야 하는거야)​보통 점심을 잘 먹지는 않지만 가끔 술을 마시고 편의점 쇼핑을 하는 정신나간 짓거리를 하는 바람에 다음날 아침에 냉장고를 보면 도시락 2개는 기본이고 샌드위치, 햄버거, 우유에 컵라면은 종류별로 다 사고... 술을 마시면 공화춘 컵라면이 맛있어 보였는지 대체 몇 개나 사다놓는 바람에 숙취때문에 속 아파서 물도 못마실 정도라도 날짜 때문에 억지로 먹어야 한다.이번에 사온건 이 날 아침 8시까지 유통기한이라 어쩔 수 없이 바로 먹어야만 했다.​술에 취해 유통기한도 제대로 보지 못한 나의 탓이니 이미 어쩔 도리는 없는 것이고, 꾸역꾸역 먹긴 먹어야 하는데 진짜 훈이네서 술만 마시면 다음날 왜 이렇게 속이 아픈지 모르겠다.훈이네서 내려오면 바로 앞에 GS25 편의점이 있는데, 솔직히 난 지금까지 먹어본 도시락 중 GS25 도시락이 가장 맛있는 것 같다. 그동안 종류별로 이것저것 다 먹어본 것 같은데 이번건 또 나름 신상인 것 같기도 해서 오랜만에 후기를 좀 남겨보려고 한다.​ 무슨 이세계 판타지 웹툰이나 소설 제목도 아니고 도시락 이름이 무려 ""뭘좋아할지몰라다넣어봤어""라고 부르는데 초딩 입맛인 내가 술을 마시고 충분히 바로 집어들만한 비주얼인건 사실이다.다른 후기들 보니까 무슨 영양성분 어쩌고 하면서 후기들을 남기던데 그거 진짜 황당하지 않나? 아니 영양성분 이런거 따지면서 먹으려면 집에서 밥을 해먹거나 백반집을 가야지 전자레인지에 돌려먹는 편의점 도시락에서 뭔놈의 영양성분을 찾는지 모르겠다.​아니 양념치킨 시켜먹으면서 양념에 뭐가 들어갔는지 따지면서 먹을텐가? 어차피 100% 국내산이 아닌건 당연할 것이니 그냥 편의점 도시락은 맛만 있으면 되는 것이다.그래도 뚜껑에 기재된 내용을 보니 쌀은 국내산, 돼지고기도 국산인데 소시지의 돼지고기는 지방일부사용으로 외국산과 국산을 같이 썼다고 하는데 이게 무슨 뜻인지는 모르겠다.어쨌든 이번 GS편의점 도시락은 각 양은 좀 많이 적어도 반찬이 무려 12개라고 볼 수 있다.​​​​ 난 항상 이해가 되지 않는게... 다른 편의점에서 도시락을 사면 젓가락을 주는데 어찌하여 GS25 편의점은 젓가락을 주지 않는건지 모르겠다. 내가 말하는 젓가락은 가루 떨어지는 일반 젓가락이 아닌 도시락 전용으로 나오는 젓가락을 말하는 것이다. 다른 동네도 그런지 모르겠지만 적어도 우리 동네 GS25 편의점에서는 젓가락 안주냐고 물어보면 따로 그런거 없다고 그냥 일반 일회용 나무젓가락 가져가라고 한다.​​​​ 먼저 뭘좋아할지몰라다넣어봤어 도시락은 이름처럼 일단 다 넣어본 것 같긴 하며 다른 것들은 그냥 한 입 먹으면 뚝딱 없어질 정도로 아주 조금씩만 들어갔지만 양념 돼지고기는 나름 양을 좀 넉넉하게 담아준다.나도 참 융통성이 없는게... 아무리 술을 마셨다지만 꼭 같은 도시락을 살 필요는 없었는데 굳이 똑같은 도시락을 2개나 사버리는 바람에 이거 점심에 먹고 저녁에 야근하면서 또 먹었다.그리고 가격은 개당 5,700원이며 그놈의 젓가락은 드럽게 안줘서 사무실에 있는 숟가락으로 퍼먹었다.​​​​ 도시락의 크기나 구성된 메뉴에 따라 전자레인지에 돌리는 시간이 좀 다르기 때문에 다른 도시락이라면 보통 2분 30초를 돌리지만 이건 돼지고기가 들어있어서 확실하게 익혀야 하니 3분 30초를 돌렸다.뭘좋아할지몰라다넣어봤어 도시락은 계란말이 조그만거 하나, 얇은 햄 2개, 오뎅 조그만거 3개, 평소 잘 먹지 않는 진미채 같은거 조금, 볶음김치, 소세지 5개, 떡갈비같은거 딱 1개와 이름모를 튀김류 조금씩과 제육, 양념돼지고기 등으로  풍성하게 구성되어 있다.​​​​ 어쨌든 지금 물가도 많이 인상되는 거지같은 경기 속에서 이 5,700원이라는 가격에 이 정도의 맛과 구성이라면 충분히 가성비는 괜찮다고 볼 수 있으며 나같은 초딩입맛이 먹기에는 아주 훌륭한 구성인 것 같다.우리 동네 GS25 편의점에서는 도시락 구매할 때 젓가락을 주지 않기 때문에 숟가락으로 열심히 퍼먹으며 감칠맛나는 양념 맛에도 감탄하게 되었다. 또한 밥은 우리햅쌀로 지어 만든 국내산 쌀로 만들었으며 돼지고기 역시 비린 맛 같은 것 전혀 없이 완벽했다.​​​​ ""뭘좋아할지몰라다넣어봤어"" 맛은 지금까지 먹어본 GS25 편의점 도시락 중 가성비가 가장 좋았고 다양한 반찬으로 구성된 도시락이였던 것 만큼 포만감까지 들게 했다.어쨌든 지금까지 먹어본 GS25 도시락 제품들 중 단연 최고였다고 볼 수 있다. 다만 우리 동네에서만 그런건지 다른 지역도 그런건지 모르겠지만 젓가락은 좀 줬으면 좋겠다. 일반적으로 먹는 그 일회용 나무젓가락 그거 중국산도 많고 포백제나 곰팡이제거제같은 화학약품 뿌린다는 뉴스에서 물에 넣었더니 막 냄새나고 노란물 나오는거 영상 보고난 후 부터는 진짜 못 먹겠다.​그리하여 이 날 점심으로 뭘좋아할지몰라다넣어봤어 1개를 까먹고 저녁에도 마저 1개를 까먹고 나서야 유통기한의 압박을 조금이나마 덜어낼 수 있었다.다행히도 샌드위치와 새우버거는 기간이 조금 남아있어서 여유롭게 먹어치웠으며 술 마실 때마다 자꾸 도시락과 컵라면들을 많이 사놓는 바람에 우리 사무실에는 공화춘 짬뽕과 짜파게티로 넘쳐나고 있다.이 때 술 마시고 GS25 편의점에서 결제한 금액은 총 3만원 조금 넘었던 것 같다.결론적으로 뭘좋아할지몰라다넣어봤어 도시락은 가성비 무진장 나이스하고 푸짐했다. ",https://blog.naver.com//PostView.naver?blogId=huhj1983&logNo=222807302206&redirect=Dlog&widgetTypeCall=true&directAccess=false
<GS/도시락> 뭘좋아할지몰라다넣어봤어 ^^7,"메뉴 고르는 것도 귀찮은 점심편의점 도시락으로 정했닷.요즘 들어 부쩍 점심으로 편의점 도시락(이하 편도)을 먹는 경우가 많은데, 보통은 CU를 자주 가요. 더 가까운 곳에 GS25가 있긴 한데, CU 편도가 맛있는 게 많더라고요. ​예를 들면 아래의 도시락들이요 :) 전 주변 사람들이라면 누구나 인정하는 아기 입맛의 소유자라, 이런 종류의 도시락들이 맛있더라고요. CU 편의점 도시락 - 오늘은치킨이닭​ CU 편의점 도시락 - 모두의급식_제육편CU24시간 편의점, 편의점 프랜차이즈, 편의점택배, 택배, 상품안내, 가맹 시스템, 창업 상담 제공.cu.bgfretail.com 그렇게 CU 편도에 길들여지던 중, 오늘 점심은 커피로 퉁치자!라고 생각하던 날이었어요. 도시락을 먹을 생각이 없으니까 GS25를 갔지요. 커피 진열대 쪽으로 시선을 옮기는 데 도시락 하나가 눈에 걸리는 거예요. 안에 내용물도 내용물인데 도시락 이름이 정말 웃기더라고요. 바로바로 오늘 소개할 GS25의 편의점 도시락 ""뭘좋아할지몰라다넣어봤어""에요. 이름부터 웃음벨 땡땡땡  뭘좋아할지몰라다넣어봤어GS25 편의점 도시락 제품명 : 뭘좋아할지몰라 다넣어봤어판매점 : GS25칼로리 : 920Kcal가격 : 5,500원  편의점 도시락 먹기 딱 좋은 날이네점심의 신세계예전 같았으면 한 끼 식사에 5천 원이면 충분했을 텐데, 요즘은 그렇게 저렴한 가격에 음식을 먹기 쉽지 않죠? 그래서 그런지 편의점 도시락이 4-5천 원 하면 비싸다는 생각이 점점 그 정도면 괜찮다고 바뀌게 되더라고요. ​전자레인지에 돌리기만 하면 되는 ""간단한 조리법""이 편의점 도시락의 장점이기도 하지만, 저는 그것보다 구성품이 ""맛이 충분히 예상이 간다""라는 점이 더 큰 장점이 아닐까 생각해요. 잠깐 짬 내서 도시락 먹으러 왔는데 맛이 없으면 좀 그렇잖아요? ㅋㅋㅎ​각설하고 ""뭘좋아할지몰라 다넣어봤어""도시락 구성품이 다 맛난 반찬들만 있어서 하나 사서 먹어봤어요. 전 진밥을 좋아하지 않아 도시락을 전자레인지에 2분 돌렸어요. 호우. 보기만 해도 뿌듯해지는 고기파티 제가 싫어하는 반찬이 단 하나도 없네요. 특히 버섯이 없다는 점이... 정말 맘에 들어요 떡갈비부터 시작해서   불고기와 제육볶음​불고기, 제육은 단맛이 좀 강하긴 한데, 원래 그렇잖아요? 세상 맛있어요. 특히 불고기는 보이는 것 같이 국물이 좀 있는 편이라 맘 같아선 국물에 밥 비벼 먹고 싶더라고요.  소시지 세트 ​소시지 야채볶음은 제법 구색을 갖춘 점이 도시락 풀샷을 보면 보이는 조만한 야채 외에도 몇 조각이 더 들어있고, 분홍소시지는 보통 생각하는 왕 큰 옛날 분홍소시지는 아니지만 퍼석한 느낌은 아니었어요. 맛있음 굿굿 케첩도 꽤나 넉넉해서 세 개 찍어 먹기 부족하지 않더라고요.  진미채와 어묵볶음​어묵과 진미채의 맛은 쏘쏘했어요. 진미채는 해바라기씨인지 호박씨인지 비슷한 게 들어있더라고요. 식감이 제법 좋았어요.  치킨세트​치킨은 언제 어디서나 사랑이고요~  돈가스​맛있는 돈가스에요. 두툼해서 속이 많이 비었겠거니 생각했는데 제법 들어차있더라고요. 데미그라스 소스가 넉넉해서 좋았지요.   그리고 후기를 남기게 만든 마지막 소개 반찬 계란말이​일단 신기해서 입부터 대어 계란말이의 상태가 멀쩡하지 않다는 점 양해바라고요...ㅋㅋ​보통 인스턴트 제품의 계란말이 식감은 푸석푸석하다고 해야 하나? 그랬는데, 정말 계란말이의 모양새에 식감도 좋더라고요. 집에서 제가 한 것보다 나아서 감동했어요. 덧붙여 옆에 소시지에 있는 케첩에 찍어 먹을 수 있어서 더욱 좋았어요.​ 오늘도 잘 먹었습니다 (__)맛있는 편의점 도시락제가 생각한  CU 편의점 도시락 ""뭘좋아할지몰라다넣어봤어""의 장점은 네 가지 정도 돼요​첫째, 반찬이 12개나 되니 양이 많다.둘째, 밥이 된밥이다.(이건 캐바캐일지도 모르겠어요.)셋째, 12가지 반찬 모두 누구나 아는 맛있는 맛이다.넷째, 소스나 국물이 넉넉하다​제 기준으로 근래 먹어본 도시락 중에 최고의 도시락이었어요. 양이 많아서 2명이 햇반 하나 더 사서 반찬은 둘이 나눠먹어도 되겠더라고요. 다 맛있어서 잔반을 버리지 않아도 돼서 다 먹고도 만족 만족 ^ㅡ^  편의점 도시락 먹으실 일이 있으시면 한번 드셔보는 건 어떨까요?​오늘도 잘 먹었습니다 (__) ​ GS25 도시락 뭘좋아할지몰라다넣어봤어 우딜에서 반값에 득템안녕하세요 해피밍입니다 :) 혹시 여러분은 편의점에 자주 가시나요? 저는 대학생 때 밥 챙겨먹기 귀찮거나...blog.naver.com * 글을 쓰기 전에 검색을 해봤는데, 우딜이라는 GS25 배달 앱에서 할인 이벤트 같은 걸 하는 모양이에요. 반값에도 구매할 수 있다고 하네요. 전 이 방법은 사용해 보지 않아서 궁금하시면 저 포스팅도 한번 보시는 걸 추천드릴게요. ​​​​​​​​ ",https://blog.naver.com//PostView.naver?blogId=blue943&logNo=222566588531&redirect=Dlog&widgetTypeCall=true&directAccess=false
"GS25편의점 신상도시락 ""뭘좋아할지몰라다넣어봤어"" 내돈내산","오늘은 정말 오랜만에 도시락 포스팅을 해보는군요. 저의 일상은 보통 5시에 일어나서 5시 반쯤에 집을 나섭니다. 회사에 도착하면 5시 50분쯤 되지요. 회사 바로 근처에는 g25시 편의점이 있는데 거기서 1,200원짜리 커피를 마십니다. 거의 뭐 매일 습관적으로요. 이 편의점 커피도 매장마다 맛이 조금씩 틀려요. 맛이 꽤 괜챦은 편의점도 있고 진짜 보리차 같은 편의점도 있습니다. ​암튼 커피를 내리는 그 30초의 시간동안 매장을 둘러보고 있는데 새로운 도시락이 눈에 띄이더라구요. ""뭘 좋아할지몰라 다 넣어봤어"" 라는 꽤 긴 이름을 가진 도시락. 가격도 편의점 도시락 치고는 조금 비싼 5,500원이죠. 암튼 새로운 도시락이라서 일단 사봤습니다. ​어제는 병원쪽에 일이 있어서 오후2시 부터 작업을 했는데 참 일이라는 게 한번 꼬이면 뭐 원래 그렇죠. 암튼 일이 끝나니까 10시쯤 되더라구요. 집에 도착하니 10시반 부랴부랴 볶음밥을 해서 먹었는데 진짜 맛있더라구요. 어제는 깜박하고 한끼도 안먹었거든요. 역시 배고플떄 먹는 음식이 제일 맛있는법. 소화 시킨다고 12시 까지 빈둥대다가 잠이 들었는데 역시나 5시에 눈이 떠지더라구요. 조금 더 자고 싶지만 뭐 그게 제 맘대로 되지도 않고 ..​오늘도 공사 일정이 빡빡하네요. 대충 봐서 일찍 끝내고 쉬어야 겠습니다. 주말에 일을 하면 정말 한주가 피곤해요. 간만에 토요일 일요일 모두 일을 했더니 컨디션이 예전 같지 않네요. ​도시락 포스팅은 한때 제가 북촌 그러니까 함덕 근처에 살떄 자주 올렸는데 왜냐하면 제 숙소 근처에는 식당이 하나도 없고 편의점 달랑 하나밖에 없었거든요. 그리고 오피스텔이 아니라 다세대 비슷한 집이라 지금 숙소 보다는 넓기는 넓지만 기름보일러라서 겨울에 난방을 제대로 하기 힘들었지요. 실평수가 20평이고 혼자 사는데 난방을 하면 기름값이 장난이 아니더라구요.​그래서 뭐 어쩔수 없이 편의점 도시락을 자주 먹게 되었지요. 어떤 음식이든 자주 먹다보면 질리쟎아요. 나중에는 거의 다 같은 맛으로 느껴지더라구요.  이름이 아주 긴 ""뭘 좋아할지몰라 다 넣어봤어"" 도시락입니다.  가격은 5,500원이고 칼로리는 920kcal로 꽤 높지요. 두둥... 반찬들이 꽤 다양합니다. 가운데 명란젓은 포함이 아니예요. 제가 그냥 자연스럽게 올려 놓은 겁니다.  제가 좋아하는 명란젓갈.. 참 묘한 맛을 가지고 있지요. 돼지 불고기와 스테이크 처럼 생긴 어묵입니다. 여러 종류의 치킨까스들 김치와 오뎅 그리고 햄도 있습니다. 진미채도 있군요. 비엔나소세지와 계란말이도 있어요. 막걸리를 안먹을 수 없지요.  시원하게 한잔 명란젓갈은 그냥 흰쌀밥이 제일 잘 어울립니다. 반찬이 여러가지라서 꽤 푸짐해 보이네요. 가끔 사먹어도 될 것 같습니다. 요즘은 참 도시락도 잘 나오는 것 같더라구요. 예전에는 진짜 도시락을 왜 사먹는지 이해가 안갔어요. 그냥 식당에서 밥을 사먹으면 되지 왜 도시락을 사먹지? 라고 생각했는데 혼자 지내다 보니 집에서 도시락을 먹는게 편하더라구요. ​오늘 제주 날씨는 꽤 흐리네요. 날씨도 쌀쌀합니다. 오늘도 즐거운 하루 보내시기 바랍니다.​ ​#gs25편의점도시락 #편의점신상도시락#뭘좋아할지몰라다넣어봤어#편의점도시락추천​ ",https://blog.naver.com//PostView.naver?blogId=makafood&logNo=222640810966&redirect=Dlog&widgetTypeCall=true&directAccess=false
GS25 뭘좋아할지몰라다넣어봤어 도시락,뭘좋아할지몰라다넣어봤어GS25 10월 1주차 신상템뭘좋아할지몰라다넣어봤어 도시락5500원​​#도시락 인기반찬 모음 뭘좋아할지몰라다넣어봤어​이름이 굉장히 길죠귀여운 캐릭터가 눈에 들어오네요 영양정보539g 920kcal 전자레인지에 2분30초​데워서 먹으면 돼요 보기만해도 배부른 이 느낌..! 달걀말이 햄 어묵 소시지없는 반찬이 없어요 GS25편의점 도시락을 많이 드셔보셨다면다 익숙한 반찬들이죠?​맛도 익숙한 그대로인데평범하지만 맛있는 그 맛ㅎㅎ 맛있는 반찬 가득 알찬 구성 푸짐해서 배부르게 먹고도많이 남더라구요 혼자 간편하게 먹기에는 많지만나눠먹거나 푸짐한 도시락을 원하는 분들께좋을 것 같은 도시락이에요 ,https://blog.naver.com//PostView.naver?blogId=retrouvaille&logNo=222536720583&redirect=Dlog&widgetTypeCall=true&directAccess=false
"Gs25편의점 도시락 뭘좋아할지몰라다넣어봤어, 반반한고기밥상","Gs25편의점 도시락 리뷰이번 리뷰는 역시나 편의점도시락 이야기랍니다.이번에 새로 보이는 도시락이 있어 먹어보기로 했어요~ ​ #뭘좋아할지몰라다넣어봤어 도시락.프리미엄 도시락 같더라구요~​​가격은 5,500원539g에 920Kcal입니다.​​ GS25에서 설문을 통해 고객이 가장 선호하는 반찬 11가지를 모아서 도시락에 다 때려 넣은 도시락이래요!뭘좋아할지몰라다넣어봤어도시락(다넣은도시락) 전자레인지는 2분 20초에서 2분 50초 돌리는 제품인데 2분 정도 돌려도 충분하더라구요~ 더 돌리면 돈까스 소스와 케찹이 쪼그라들 느낌?​프리미엄도시락이라 그런지 일반적인 도시락보다 가격도 1000원 이상 높고 중량도 높고 칼로리도 높았답니다. 제육볶음, 간장불고기, 순살양념 치킨, 순살후라이드 치킨. 돈가스, 떡갈비, 소시지볶음, 볶음김치, 진미채볶음, 오뎅볶음, 햄, 계란말이까지. 고기양도 꽤 많은데 12개의 반찬이라니,, 믿겨지시나요? ​심지어 쥐에스 팝 구독 서비스로 20% 할인 + 유플러스 멤버십 할인 10%까지 받으니  ​1,100원 + 550원으로 1650원 할인도 받았답니다. 돈가스도 맛있고 소스도 맛있고.매콤 닭강정은 매웠고.  나머지 고기들도 다 괜찮고 밥도 맛있어서 재구매 할 것 같아요.​사실 소시지 볶음 빼고 돈까스 더 넣어주셨음 좋겠단 생각을 조금 아주 조금..했지만옄 ㅋㅋㅋ 소시지보단 돈가스 파^^​쏘야 양념이라서 밥이랑 먹음 딱 좋답니다. ​반찬으로는 진미채가 넘 넘 맛있어서 진미채랑 밥만 줘도 다 먹었을 듯한 반찬 이야기. ​다음은 #반반한고기밥상  역시나 고기고기한 구성이랍니다. 사실 저번에 먹고 사진을 안 찍어준터라 gs가서 보이는 사진 찍어 옴 ㅋㅋㅋ ​간장불고기와 제육구이가 함께 있는 고기 밥상으로 4,500원427g, 칼로리 679kcal고추와 쌈장은 빼고 전자레인지 2분 ~2분 30초 돌려주기.​식약처와 협업해서 나트륨을 20% 줄인 도시락이래요!우리 햅쌀 사용 제품. 느끼기에 밥 양이 많아서 좋았고 고기도 괜찮았답니다. 쌈장이랑 먹으니까 새삼 잘 들어가는거 있죠? 양배추와 양파가 있어서 채소 할당량도 채우기 좋았고 제육은 살짝 매콤. 간장불고기는 살짝 달달했답니다. ​메뉴를 먹어보니 제일 만족했던건 이전에 먹었던 GS25 고기가 참 많구나였는데 기본적으로 고기는 소스와 고기 상태가 다 좋아서 반 이상 치고 가는 것 같아요! 앞으로도 다양한 도시락을 먹어보고 리뷰 남기겠습니다.​​이상 편의점도시락 뭘좋아할지몰라다넣어봤어, 반반한고기밥상 내돈내산 후기 끝!​​​ #편의점간식 #편의점도시락 #GS25 #편의점신상 #편의점야식 ",https://blog.naver.com//PostView.naver?blogId=unik34&logNo=222653637386&redirect=Dlog&widgetTypeCall=true&directAccess=false
뭘좋아할지몰라다넣어봤어도시락 gs25편의점 가격 5500원, 하나하나​​​안녕하세요 형저씨입니다​​​​​요즘 아이스크림을 안 먹었더니단음식이 엄청 땡기네요ㅠㅠ​​​지금 소프트아이스크림이제일 먹고 싶습니다​​ 5500원에 이정도면 괜찮을까요??​​​요즘 6천원 기사뷔페가 많이 안보이네요ㅠㅠ​​5500원은 좀 비싼 것 같지만​​할인 받아 같이 주문하면나쁘지 않은 듯 합니다​​  역시 햄은 맛있음​​  두 찬반을 먹어야 한식 먹은 기분이나죠​​  닭요리 같은데 나쁘지 않았음​​ 돈까스는 별로 일 것 같았지만​​생각보다 맛있었다​​그래서​​찍어봤습니다ㅋㅋ​​먹기전​밀가루 맛이 강하겠지?하는 마음이였는데​​​​막상 먹어보니 고기맛이 강해요​​​​​​​​​​​총평 별★★★★ 포장 할인으로 구매하자!!!​​​​​​​​​​​​​#뭘좋아할지몰라다넣어봤어도시락 #gs25도시락 #gs25도시락추천 #gs25양많은도시락​​​​​​​​​​​​ ,https://blog.naver.com//PostView.naver?blogId=byc3470&logNo=222753718020&redirect=Dlog&widgetTypeCall=true&directAccess=false
GS25 뭘좋아할지몰라다넣어봤어 도시락-(주)한국데리카후레쉬,"이름도 길고 반찬도 많은 '뭘좋아할지몰라다넣어봤어' 도시락을 먹어봤습니다.​ (주)한국데리카후레쉬에서 제조한 도시락으로 반찬 가짓수가 참 많네요. ​도시락 이름이 제가 좋아하는 델리스파이스의 '항상 엔진을 켜둘께'란 노래 느낌입니다. ​오랜만에 저 노래 틀어놓고 도시락을 먹었네요. ​ 도시락이 꽤 큽니다. 가격은 5,500원.  539g 920Kcal 포장지 제거 후 모습 (주)한국데리카후레쉬 제조 뚜껑을 씌워서 데웠습니다.  소 불고기, 제육볶음 튀김 반찬들 계란말이, 소시지, 어묵, 오징어채, 소시지 야채볶음 밥도 나름 넉넉한 편입니다.  돈가스와 닭튀김 단면 소시지를 하나 남겨두고 아래쪽에 케첩이 있는 걸 봤네요. ​나름 반찬이 푸짐하고 이름도 재밌는 '뭘좋아할지몰라다넣어봤어'을 한번 먹어보았습니다. 개인적으로는 다 좋았다 정도로 평할 수 있겠네요. ​편의점 도시락도 재밌는 제품이 많은데 가끔씩 사 먹어보고 리뷰를 해봐야겠습니다. ​​ ",https://blog.naver.com//PostView.naver?blogId=yskng&logNo=222660589425&redirect=Dlog&widgetTypeCall=true&directAccess=false
gs25 편의점 도시락 추천: 뭘좋아할지몰라다넣어봤어/NEW치킨도시락 후기/ 가격/ 칼로리,"gs25 편의점 도시락 추천: 뭘좋아할지몰라다넣어봤어/NEW치킨도시락 후기/ 가격/ 칼로리  안녕하세요(੭ ᐕ)੭*⁾⁾노는 게 제일 좋은 대학생, 깡깡입니다.  전에 먹었던 이번달에 새로 나온 신상 도시락!!뭘좋아할지몰라다넣어봤어 도시락입니다!! 그림이 너무 귀엽고 말도 진짜 이쁘지 않아요? ㅠㅠ너가 뭘 좋아하는지 몰라서 다 사왔어 느낌이자나요뭔가 푸짐한 것 같은 느낌도 들고 ㅎㅎ​가격: 5,500원칼로리: 920kcal한 끼 치고 높네.. Previous imageNext image gs25 신상 도시락 구성은 위 사진처럼 들어있어요 간장? 불? 불고기..?  오뎅, 오징어(?), 김치, 돈까스(?), 떡갈비(?), 순살 양념치킨, 치킨(?) 계한말이, 햄, 비엔나소세지 밥!!! 양념치킨& 고추마요치킨NEW 치킨도시락​가격: 4,300원칼로리: 754kcal 전자레인지에 매장용 1분 30초가정용 2분 돌려줘요안심뚜껑으로 전자레인지에 돌려도 가능해요 뭔가 푸짐해보이죠??밥이 일단 3분의 1이 들어있어든든해요 양념치킨과 고추마요치킨두 종류가 있어 취향것 먹을 수 있어요 소세지랑 저게 뭐지,,, 암튼,, 반찬이 꽤 많네요 ㅎㅎ  ​ ",https://blog.naver.com//PostView.naver?blogId=kkkj1503&logNo=222561342233&redirect=Dlog&widgetTypeCall=true&directAccess=false
"처갓집 슈프림 양념치킨 도시락, 뭘좋아할지몰라다넣어봤어 도시락 - GS24 편의점 도시락 솔직 리뷰","치킨이 먹고 싶어서.. 치킨을 사러 갈까 배달 주문을 할까 고민하길 30시간?대신 편의점 도시락을 먹자 결심하곤처갓집 슈프림 양념치킨 도시락을 발견했다​치킨이 먹고 싶으니까! 마침 이거다 싶었다!! 사진을 미리 찍지 않아서..^^;; 포장지를 따로 찍었다 치킨까스는.. 전자레인지에 돌리면 눅눅해질 게 뻔하니까후라이팬에 정성스럽게 구워줬다..바삭하게 먹고 싶어^^​양념 치킨 소스가 있고, 계란 볶음밥, 치킨무가 있다​4900원 치고는 조금 빈약한 구성  그리고 도시락 아래에는 슈프림 소스가 따로 들어 있었는데그냥 마요네즈가 조금 더 자극적인 맛아니나 다를까, 원재료명이 그냥 마요네즈 +과당+설탕+식초+소금 이네이게 무슨 특제 소스야..  전자레인지에 먼저 돌리고 후라이팬에 구울 걸 그랬나??약간.. 아쉽다.겉바 에는 성공했지만속촉 에는 실패 - 이건 나의 탓이 아니지고기 자체도 무지 뻑뻑한 것 같고.. 하여튼 굉장히 메마른 맛이었다​소스도 양념치킨 소스면 충분한데.. 마요네즈 굳이 왜 넣었지?​​​ 몇 번 먹어본 ""뭘좋아할지몰라다넣어봤어"" 도시락냉장고에 상추가 많이 있는데.. 상추를 꺼내서 같이 먹을 걸..이건 영양성분표는 따로 안 찍었는데단백질이 39g? 정도에 육박한다.하루 단백질 섭취량 이걸로 많이 채울 수 있음!! 뚜껑 열고 한 번 더 찍었지아주 뜨겁게 잘 데워져서 김이 폴폴~ 난다솔직히 저기 들어 있는 작은 양념 닭강정이.. 아까 그 처갓집 도시락에 든 치킨까스보다 훨씬 맛있다양념도 고기도\.\​알차게 잘 들어 있어서 채소 섭취는 좀 아쉽지만..영양 채우는 덴 손색이 없다 ",https://blog.naver.com//PostView.naver?blogId=dansmoncoeur&logNo=222797616933&redirect=Dlog&widgetTypeCall=true&directAccess=false
[ GS25 ] 편의점 도시락추천 ㅣ 뭘좋아할지몰라다넣어봤어,"GS25편의점전남 순천시 해룡면 좌야로 135 중흥에스-클래스 6단지 메가타운​GS25 뭘좋아할지몰라다넣어봤어ㅣ가격 5,500원​ ​오천 원 정도의 가격에 이것저것가득 들어져 있던 게 궁금해서 주문해 봤어요​이제 봤는데 칼로리가..!근데 그럴 만도 한 게 반찬 종류가 다양하게 들어있어요​ ​전체 샷이 이 정도밥도 많은데 반찬은 더 많은이름값하는 도시락이에요​ ​먼저 고기도 두 가지 맛으로나눠져있는데 조금 짠데 맛은 있어요요새 도시락 퀄리티가 진자 좋은 거 같은 느낌​ ​반찬의 기본이 되는 쏘시지 볶음에계란말이 + 햄 + 어묵볶음까지있을만한 건 다 들어있는​ ​햄이랑 깨알같이 케찹까지​ ​진미채랑 볶음김치도 있어요!​ ​마지막으로 돈까스 + 소스함박에 치킨 두 종류까지 야무지게 들어있던학생들이 가끔 사 먹기 좋은 구성이라 추천해요(^▽^)/ ʸᵉᔆᵎ  GS25 신대메가타운점전라남도 순천시 해룡면 좌야로 135 중흥에스-클래스 6단지 메가타운 ​ ",https://blog.naver.com//PostView.naver?blogId=snowy_522&logNo=222738422344&redirect=Dlog&widgetTypeCall=true&directAccess=false
,뭘좋아할지몰라다넣어봤어 도시락 먹은 호쟁이입니다.^^​​​​요새는 편의점 도시락 퀄리티가 못본 사이에 많이 좋아진거같습니다. 전에는 편의점 도시락은 그저 그런 맛이여서 별로땡기지 않았던거 같은데 최근에 몇번 먹어보니 퀄리티가상당히 좋아졌더라구요~ 어디 내놔도 손색이 없을 정도로경쟁력이 많이 좋아진거 같습니다. 정말 맛있더라구요~​ ​GS25 편의점에서 볼 수 있는 뭘좋아할지몰라 다넣어봤어도시락입니다. 이름이 무지 길죠 ㅋㅋ 그만큼 눈에 들어오는도시락입니다. 뭘 먹을지 모를때 선택하기 정말 좋아요~​ ​전자렌지에 바로 돌려서 먹을 수 있는 타입이라서 아주 편하게먹을 수 있는 도시락이면서도 가격은 5500원으로 아주저렴한 편이죠~ 칼로리는 920칼로리로 좀 세네요 ㅋㅋ​ ​나트륨도 높고 지방도 조금 있네요 ㅎㅎ 이런거보면일반 밥을 먹을때도 칼로리가 생각보다 높겠구나라는생각이 들기도 합니다. 밥 많이 먹으면 살찌는 이유 ㅋㅋ​ ​편의점 도시락은 유통기한이 짧기 때문에 구매하고 바로드시거나 최소 하루 내에 드시는게 좋습니다. 그래야신선한 상태로 먹을 수 있죠~ 도시락 먹을땐 꼭 확인!​ ​도시락 이름답게 반찬 양이 상당히 많습니다. 여러가지가들어가 있으면서도 상당히 맛도 좋다는거~ 거기에클래식한 반찬도 있어서 추억이 슬슬 돋는 타입의 도시락!​ ​밥은 조금 아쉽기는 합니다. 찰지지 않은 타입이라서그부분은 조금 아쉽지만 전체적으로 도시락 맛은 상당히좋은 타입의 도시락입니다. 만족도가 상당히 높은도시락으로 추천할만한거 같네요 ㅎㅎ 편의점에서도시락 구매할때 자주 구매할거 같은 생각이 듭니다. ,https://blog.naver.com//PostView.naver?blogId=ssanghos2&logNo=222601655003&redirect=Dlog&widgetTypeCall=true&directAccess=false
[GS도시락] 뭘좋아할지몰라다넣어봤어 도시락,"​​모리먕입니다​지에쓰편의점에서 도시락하나 시켜먹었어요 ​GS25 뭘좋아할지몰라다넣어봤어 도시락가격은 5,500원 입니다​​ ​같은 gs편의점 다른도시락과 함께놓고 찍어봤어요크기 차이가 좀 있네요​물론 가격도 차이나지만요 ㅋㅋㅋ​칼로리는 920​​ ​도시락 이름에 맞춰서반찬종류가 엄청 다양해요​진짜 다 넣어서 만들었네요ㅋㅋㅋㅋ​​ ​간장불고기, 양념불고기​가장 기본이 되는 반찬인듯요둘다 달콤짭짤해요​개인적으로 간장맛이 더 맛있었어요​ ​돈까스, 양념닭튀김​  돈까스는 제법 두툼하고소스도 함께 있어요​돈까스 들어보면 너비아니? 떡갈비?같은 작은 조각의 고기가 또 있어요​닭튀김 치킨가라아게는양념맛 하나랑 그냥맛인지 간장맛인지 모르겠는 맛 하나총 2개 들어있어요​가라아게는 양념맛은 약하고그냥 쫄깃한 맛으로 먹었어요​​ 일미 오징어채, 볶음김치​일미 부드럽고 견과류도 들어있어요볶음김치도 무난해요​​ 소세지, 어묵볶음​어묵볶음이 제 스타일!간이 적당히 짭짤하니 맛있어요​​​ ​계란말이 반쪽과쏘야 소세지야채볶음​​​전체적으로 맛은 무난해요메인이 되는 반찬이 없고 다 사이드로 나올법한 반찬들인데​원래 피자집가면 피자보다 사이드메뉴가 더 맛있잖아요​맛있는 사이드메뉴로도시락 구성을 만든듯해요​밥보다 반찬이 많아서밥 다먹고나도 반찬이 남아요​나름 괜찮았습니다​단짠의 정석편의점도시락의 정석  ​​재구매의사:68%​​​​ ",https://blog.naver.com//PostView.naver?blogId=reddesert2021&logNo=222653769100&redirect=Dlog&widgetTypeCall=true&directAccess=false
"gs편의점 도시락 추천, 뭘좋아할지몰라다넣어봤어 칼로리 ㅎㄷㄷ","친구랑 저희 동네에 생긴 커다란 gs편의점 가서 간단한 저녁을 했는데요 ㅋㅋ 여기서도 안심콜 해야되더라고용. ​그나저나 무려 반찬이 12개인 도시락이 있다니?!! 게다가 맛도 다 그런대로 평타침 ㅋㅋㅋㅋㅋㅋㅋㅋㅋㅋㅋ 근데 짜고 칼로리 폭탄 ㅋㅋㅋㅋㅋㅋㅋㅋㅋㅋㅋㅋㅋㅋㅋㅋ​처음에는 혼자 다 먹을 수 있을까 싶었는데?!! 다 먹음 ㅋㅋㅋㅋㅋㅋ 밥에 비해 반찬 양이 많은 편이라 햇반 하나 추가해서 해당 도시락이랑 사이드 반찬 하나 추가해도 될듯 ㅋㅋㅋㅋ​​​ 뭘좋아할지몰라 다넣어봤어 도시락 가격 정보​가격은 5500원용량 : 539g열량 칼로리 : 920kcal가격은 보통인 거 같고 양은 보통보다 좀 많은듯! 칼로리는?!! ㅋㅋㅋㅋㅋㅋㅋㅋㅋㅋㅋ 성인 1일칼로리를 2000kcal 정도로 잡는걸로 알고있는데 ㅋㅋㅋㅋㅋㅋㅋㅋㅋ 1.5끼 정도의 칼로리 ㅋㅋㅋㅋㅋㅋㅋㅋㅋㅋㅋ​​​  뭘좋아할지몰라 다넣어봤어 반찬​계란말이, 소시지+케찹, 어묵볶음,오징어채,볶음김치/소시지볶음,떡갈비,돈까스,간장치킨,양념치킨/간장불고기,제육그럴수밖에 없는게 반찬들이 다 맛난 것이고 기름진 것들임 ㅋㅋㅋㅋㅋㅋ 탄산 음료나 좀 상큼한 음료랑 같이 먹으면 다 먹고난 후에 더욱 입맛이 깔끔할 것임!!​개인적으론 생각보다 오징어채가 고추장 양념을 해서 맛있었음!!! 반찬이 다양해서 물리지도 않고 이것저것 먹어볼 수 있어서 좋음. 소량이지만 ㅋㅋㅋㅋㅋㅋㅋ​비엔나도 많이 들어있고 제육도 비계보다 고기 많고 돈까스도 아주 알참! 치킨들도 심지어 먹을만해 ㄷ ㄷ 생각보다 반찬 퀄리티가 다 높아서 만족스러웠음!!​​​ 뭘좋아할지몰라 다넣어봤어 조리법​업소용 전자렌지 기준 2:20가정용 기준 2:50뚜껑 덮은채로 전자렌지에 돌려주면 됨~~​​​ 원재료명 및 함량 다 찍으려고 했는데 양이 좀 많음 ㄷ ㄷ ㄷ 쌀14.79%! 쌀은 국산!!​​​ 뭘좋아할지몰라 다넣어봤어 영양정보​나트륨 92%, 탄수화물 34%, 지방 67%, 콜레스테롤 43%, 단백질 71%ㅋㅋㅋㅋㅋ나트륨 ㅋㅋㅋㅋ 먹고나면 짜니까 꼭 음료랑 같이 먹고 도시락 먹고 나서 물 많이 드세연!!! 단백질 반찬도 짱 많아서 단백질 함량도 높음 ㅋㅋㅋㅋㅋㅋㅋㅋㅋㅋㅋ​콜레스테롤도 높으니까 ㄷ ㄷ 자주 먹는거 보다는 가끔 드시는 것을 추천👏👏👏👏​​​  젤리블리 리치젤리디저트로 달달한 거 추천드리는 것은 리치젤리!!!! 한 개에 가격은 800원인데, 얼려먹으면 진짜 존맛탱!!! 이거 대용량으로 나오면 좋겠다. 이것도 인스타에서 포스팅 보고 먹은 건데 진짜 ㅠㅠ 넘 맛있어….​​​ 젤리블리 리치용량 : 60g칼로리 : 70kca리치농축액 1.5%사이즈도 은근 큼!!! 합성향료도 들어가지만 거의 자연의 향 같은 리치향! 너무 인위적이지않고 은은하고 달달해. ​​​  젤리 두툼 ㅎㅎ 얼리니까 샤베트느낌의 식감으로 사각사각 얼음 씹는 느낌이 있는데, 식감도 나쁘지 않고 먹다보면 그냥 먹어도 맛있겠다 생각이 듦 ㅋㅋㅋㅋㅋ 과하게 달지 않아서 더 좋았음. 맛의 밸런스가 훌륭함!!!!​​​​ 칼로리 영양정보도 당류가 16%이긴 하지만 엄청 높은 편은 아니라, 부담없이 먹을 수 있는 디저트임 ㅋㅋㅋㅋㅋㅋㅋㅋㅋㅋ​gs편의점에서 만나보세요!​​​​​#gs도시락 #gs25 #편의점 #편의점도시락 #편의점디저트 #편의점젤리 #리치젤리 #젤리블리 #도시락추천 #편의점신상 #뭘좋아할지몰라다넣어봤어 #내돈내산 #도시락칼로리 #도시락가격 #단백질도시락 ",https://blog.naver.com//PostView.naver?blogId=jungsungin&logNo=222612485486&redirect=Dlog&widgetTypeCall=true&directAccess=false
GS25 도시락 11가지반찬 뭘좋아할지몰라다넣어봤어 요기요할인 4000원 내돈내산리뷰 편의점추천,"#gs편의점도시락 #편의점도시락추천 #뭘좋아할지몰라다넣어봤어 11가지반찬이들어간 프리미엄도시락 우리햅쌀로만들었네요 가격 5,500원 요기요에서 포장주문시 13,000원이상주문하면 4,000원할인행사중이더라구요 1회제공량539g 칼로리920kcal 뭘좋아할지몰라다넣어봤어 gs25편의점도시락#제육볶음 #간장불고기 #소시지 #순살양념치킨 #순살후라이드치킨 등 반찬의무게만 380G 이라는 도시락 아무래도 고기종류가많습니다 편의점도시락치고는 구성이 꽤 괜찮은편인거같아요  진짜  정말 오랜만에 편의점도시락을 찾아먹어봤는데 괜찮았어요 반찬종류가많고 도시락이름도 재미나고 특징을 잘 반영했네요  조금 풍족하게 편의점도시락을찾는분들께 추천드립니다  돈까스 치킨 제육볶음 간장불고기 종류가다양해서좋았고 대부분 선호도가높은반찬들로구성한 #gs25편의점도시락 간단 내돈내산후기 끝!~ ​ ",https://blog.naver.com//PostView.naver?blogId=manblood&logNo=222740910366&redirect=Dlog&widgetTypeCall=true&directAccess=false
